database,smq_scope,drug_class,agent,country_field,country_stratum,class_core_n,class_noncore_n,a,b,c,d,core_share,noncore_share,difference_pp,difference_ci_low_pp,difference_ci_high_pp,ror,ror_ci_low,ror_ci_high,sparse_display
FAERS,narrow,NMBA,rocuronium,OCCR_COUNTRY,GB,256,445,176,80,254,191,0.6875,0.5707865168539326,11.671348314606744,4.223916639770053,18.764833321457726,1.6543307086614174,1.196294315070461,2.287739780372517,0
FAERS,narrow,NMBA,rocuronium,OCCR_COUNTRY,Non-GB observed,2447,6047,1303,1144,2893,3154,0.5324887617490806,0.47841905076897634,5.4069710980104215,3.0596767680139356,7.744203766616832,1.2417427888392285,1.130239589286349,1.3642462786211733,0
FAERS,narrow,NMBA,rocuronium,OCCR_COUNTRY,Missing OCCR_COUNTRY,131,1764,58,73,565,1199,0.44274809160305345,0.32029478458049887,12.245330702255458,3.7300837850073,21.056708313591262,1.6860710389138078,1.177539214844168,2.4142173037015167,0
FAERS,narrow,NMBA,succinylcholine,OCCR_COUNTRY,GB,256,445,27,229,47,398,0.10546875,0.10561797752808989,-0.014922752808989304,-4.538671769289877,5.026636940567274,0.9984205147263774,0.6053030758480293,1.6468502540316798,0
FAERS,narrow,NMBA,succinylcholine,OCCR_COUNTRY,Non-GB observed,2447,6047,393,2054,1083,4964,0.16060482223130362,0.17909707292872498,-1.8492250697421357,-3.5631445501053585,-0.06925517668778212,0.8769915872549204,0.7728917620617178,0.9951124877618873,0
FAERS,narrow,NMBA,succinylcholine,OCCR_COUNTRY,Missing OCCR_COUNTRY,131,1764,31,100,359,1405,0.2366412213740458,0.20351473922902494,3.312648214502087,-3.4355167983374733,11.479676596243603,1.2132311977715877,0.797744848182629,1.845113688417465,0
FAERS,narrow,antibiotic_anchor,cefazolin,OCCR_COUNTRY,GB,258,619,2,256,2,617,0.007751937984496124,0.0032310177705977385,0.45209202138983856,-0.5647824933993312,2.472438968219136,2.41015625,0.33765945781876344,17.20328874226863,1
FAERS,narrow,antibiotic_anchor,cefazolin,OCCR_COUNTRY,Non-GB observed,1891,8249,791,1100,1153,7096,0.4182971972501322,0.1397745181234089,27.85226791267233,25.51875606251204,30.20646593015272,4.425558621777182,3.9623703733719506,4.942892074503164,0
FAERS,narrow,antibiotic_anchor,cefazolin,OCCR_COUNTRY,Missing OCCR_COUNTRY,123,1296,54,69,240,1056,0.43902439024390244,0.18518518518518517,25.38392050587173,16.646902802792145,34.4354269037982,3.4434782608695653,2.3485081763240987,5.048967958732335,0
FAERS,narrow,antibiotic_anchor,teicoplanin,OCCR_COUNTRY,GB,258,619,62,196,99,520,0.24031007751937986,0.15993537964458804,8.037469787479182,2.318648461899249,14.217412325893019,1.6615130900845188,1.1621864925921965,2.3753724261282487,0
FAERS,narrow,antibiotic_anchor,teicoplanin,OCCR_COUNTRY,Non-GB observed,1891,8249,10,1881,101,8148,0.005288207297726071,0.01224390835252758,-0.6955701054801509,-1.0510748541666115,-0.20385238229351804,0.42888499376253414,0.22351788892119412,0.8229423549161277,0
FAERS,narrow,antibiotic_anchor,teicoplanin,OCCR_COUNTRY,Missing OCCR_COUNTRY,123,1296,1,122,22,1274,0.008130081300813009,0.016975308641975308,-0.8845227341162298,-1.973804452996563,2.808985251785457,0.47466467958271236,0.0634319729996383,3.551939934843958,1
FAERS,broad_algorithm,NMBA,rocuronium,OCCR_COUNTRY,GB,318,383,217,101,213,170,0.6823899371069182,0.556135770234987,12.625416687193125,5.404097033150262,19.612436798425463,1.7147771115139683,1.2571464002042065,2.3389961119043496,0
FAERS,broad_algorithm,NMBA,rocuronium,OCCR_COUNTRY,Non-GB observed,2758,5736,1454,1304,2742,2994,0.5271936185641769,0.4780334728033473,4.916014576082961,2.645591562277974,7.178546472059602,1.2175061416815454,1.1116582889147961,1.333432422367245,0
FAERS,broad_algorithm,NMBA,rocuronium,OCCR_COUNTRY,Missing OCCR_COUNTRY,148,1747,68,80,555,1192,0.4594594594594595,0.31768746422438465,14.177199523507483,6.043284453831456,22.48766404662771,1.8255855855855856,1.3012012055093516,2.5612969894177624,0
FAERS,broad_algorithm,NMBA,succinylcholine,OCCR_COUNTRY,GB,318,383,36,282,38,345,0.11320754716981132,0.09921671018276762,1.3990836987043704,-3.1581659429033904,6.135416264259736,1.1590145576707727,0.7155681940625308,1.8772700576115733,0
FAERS,broad_algorithm,NMBA,succinylcholine,OCCR_COUNTRY,Non-GB observed,2758,5736,423,2335,1053,4683,0.15337200870195794,0.18357740585774057,-3.020539715578263,-4.672038873294569,-1.3170338782436029,0.8056553011585131,0.7122190915676959,0.9113494316139373,0
FAERS,broad_algorithm,NMBA,succinylcholine,OCCR_COUNTRY,Missing OCCR_COUNTRY,148,1747,35,113,355,1392,0.23648648648648649,0.2032054951345163,3.3280991351970184,-3.0999951992988164,11.005330293294827,1.2145082886700735,0.8168344846921668,1.805788578825969,0
FAERS,broad_algorithm,antibiotic_anchor,cefazolin,OCCR_COUNTRY,GB,314,563,4,310,0,563,0.012738853503184714,0.0,1.2738853503184715,0.24255642421656606,3.229112486126269,,,,1
FAERS,broad_algorithm,antibiotic_anchor,cefazolin,OCCR_COUNTRY,Non-GB observed,2436,7704,900,1536,1044,6660,0.3694581280788177,0.13551401869158877,23.394410938722896,21.344467973169966,25.469065534972035,3.7378771551724137,3.36528649782377,4.15171951517201,0
FAERS,broad_algorithm,antibiotic_anchor,cefazolin,OCCR_COUNTRY,Missing OCCR_COUNTRY,153,1266,62,91,232,1034,0.40522875816993464,0.18325434439178515,22.19744137781495,14.417635281606128,30.373377889381803,3.0365668813944677,2.133901575551463,4.321070161260279,0
FAERS,broad_algorithm,antibiotic_anchor,teicoplanin,OCCR_COUNTRY,GB,314,563,78,236,83,480,0.2484076433121019,0.14742451154529307,10.098313176680884,4.631452861806154,15.8321937827533,1.911374310802532,1.3521240306007813,2.7019353796800596,0
FAERS,broad_algorithm,antibiotic_anchor,teicoplanin,OCCR_COUNTRY,Non-GB observed,2436,7704,11,2425,100,7604,0.00451559934318555,0.012980269989615784,-0.8464670646430235,-1.1885847730758146,-0.42348844032332067,0.34492371134020616,0.1847549360309668,0.6439468909494298,0
FAERS,broad_algorithm,antibiotic_anchor,teicoplanin,OCCR_COUNTRY,Missing OCCR_COUNTRY,153,1266,2,151,21,1245,0.013071895424836602,0.016587677725118485,-0.3515782300281883,-1.6340655820519083,3.030232296115959,0.7852412488174078,0.18232029057804228,3.3819813301602024,1
